{
  "Packages": [
    {
      "Package": {
        "Id": "GE.Excel.Activities.1.1.25",
        "Version": "1.1.25"
      },
      "Assemblies": [
        "C:\\Users\\prikambl\\.nuget\\packages\\ge.excel.activities.1.1.25/1.1.25\\lib/GE.Excel.dll"
      ]
    },
    {
      "Package": {
        "Id": "Microsoft.Activities",
        "Version": "1.0.1"
      },
      "Assemblies": [
        "C:\\Users\\prikambl\\.nuget\\packages\\microsoft.activities/1.0.1\\lib/net45/Microsoft.Activities.Design.Services.dll",
        "C:\\Users\\prikambl\\.nuget\\packages\\microsoft.activities/1.0.1\\lib/net45/Microsoft.Activities.Design.dll",
        "C:\\Users\\prikambl\\.nuget\\packages\\microsoft.activities/1.0.1\\lib/net45/Microsoft.Activities.dll",
        "C:\\Users\\prikambl\\.nuget\\packages\\microsoft.activities/1.0.1\\lib/net45/Microsoft.Workflow.Client.dll",
        "C:\\Users\\prikambl\\.nuget\\packages\\microsoft.activities/1.0.1\\lib/net45/Microsoft.Workflow.Common.dll",
        "C:\\Users\\prikambl\\.nuget\\packages\\microsoft.activities/1.0.1\\lib/net45/Microsoft.Workflow.Tracing.dll"
      ]
    },
    {
      "Package": {
        "Id": "UiPath.Credentials.Activities",
        "Version": "1.1.6479.13204"
      },
      "Assemblies": [
        "C:\\Users\\prikambl\\.nuget\\packages\\credentialmanagement/1.0.2\\lib/net35/CredentialManagement.dll",
        "C:\\Users\\prikambl\\.nuget\\packages\\uipath.credentials.activities/1.1.6479.13204\\lib/net40-client/UiPath.Credentials.Activities.dll"
      ]
    },
    {
      "Package": {
        "Id": "UiPath.Database.Activities",
        "Version": "1.2.6863.32528"
      },
      "Assemblies": [
        "C:\\Users\\prikambl\\.nuget\\packages\\uipath.database.activities/1.2.6863.32528\\lib/net40-Client/Microsoft.Data.ConnectionUI.Dialog.dll",
        "C:\\Users\\prikambl\\.nuget\\packages\\uipath.database.activities/1.2.6863.32528\\lib/net40-Client/UiPath.Database.Activities.Design.dll",
        "C:\\Users\\prikambl\\.nuget\\packages\\uipath.database.activities/1.2.6863.32528\\lib/net40-Client/UiPath.Database.Activities.dll",
        "C:\\Users\\prikambl\\.nuget\\packages\\uipath.database.activities/1.2.6863.32528\\lib/net40-Client/UiPath.Database.dll"
      ]
    },
    {
      "Package": {
        "Id": "UiPath.Excel.Activities",
        "Version": "2.7.2"
      },
      "Assemblies": [
        "C:\\Users\\prikambl\\.nuget\\packages\\closedxml/0.87.1\\lib/net40/ClosedXML.dll",
        "C:\\Users\\prikambl\\.nuget\\packages\\csvhelper/2.13.5\\lib/net40-client/CsvHelper.dll",
        "C:\\Users\\prikambl\\.nuget\\packages\\documentformat.openxml/2.5.0\\lib/DocumentFormat.OpenXml.dll",
        "C:\\Users\\prikambl\\.nuget\\packages\\microsoft.visualstudio.ole.interop/7.10.6071\\lib/Microsoft.VisualStudio.OLE.Interop.dll",
        "C:\\Users\\prikambl\\.nuget\\packages\\npoi/2.4.1\\lib/net45/NPOI.OOXML.dll",
        "C:\\Users\\prikambl\\.nuget\\packages\\npoi/2.4.1\\lib/net45/NPOI.OpenXml4Net.dll",
        "C:\\Users\\prikambl\\.nuget\\packages\\npoi/2.4.1\\lib/net45/NPOI.OpenXmlFormats.dll",
        "C:\\Users\\prikambl\\.nuget\\packages\\npoi/2.4.1\\lib/net45/NPOI.dll",
        "C:\\Users\\prikambl\\.nuget\\packages\\sharpziplib/1.0.0\\lib/net45/ICSharpCode.SharpZipLib.dll",
        "C:\\Users\\prikambl\\.nuget\\packages\\uipath.excel.activities/2.7.2\\lib/net461/UiPath.Excel.Activities.Design.dll",
        "C:\\Users\\prikambl\\.nuget\\packages\\uipath.excel.activities/2.7.2\\lib/net461/UiPath.Excel.Activities.dll",
        "C:\\Users\\prikambl\\.nuget\\packages\\uipath.excel.activities/2.7.2\\lib/net461/UiPath.Excel.dll"
      ]
    },
    {
      "Package": {
        "Id": "UiPath.PDF.Activities",
        "Version": "3.1.0"
      },
      "Assemblies": [
        "C:\\Users\\prikambl\\.nuget\\packages\\bitmiracle.docotic.pdf/5.10.9957\\lib/net40/BitMiracle.Docotic.Pdf.dll",
        "C:\\Users\\prikambl\\.nuget\\packages\\system.valuetuple/4.5.0\\lib/net461/System.ValueTuple.dll",
        "C:\\Users\\prikambl\\.nuget\\packages\\uipath.ocr.contracts/2.2.1\\lib/net45/UiPath.OCR.Contracts.dll",
        "C:\\Users\\prikambl\\.nuget\\packages\\uipath.pdf.activities/3.1.0\\lib/net461/UiPath.PDF.Activities.Design.dll",
        "C:\\Users\\prikambl\\.nuget\\packages\\uipath.pdf.activities/3.1.0\\lib/net461/UiPath.PDF.Activities.dll",
        "C:\\Users\\prikambl\\.nuget\\packages\\uipath.pdf.activities/3.1.0\\lib/net461/UiPath.PDF.dll"
      ]
    },
    {
      "Package": {
        "Id": "UiPath.System.Activities",
        "Version": "19.10.1"
      },
      "Assemblies": [
        "C:\\Users\\prikambl\\.nuget\\packages\\csvhelper/2.13.5\\lib/net40-client/CsvHelper.dll",
        "C:\\Users\\prikambl\\.nuget\\packages\\microsoft.aspnet.signalr.client/2.4.0\\lib/net45/Microsoft.AspNet.SignalR.Client.dll",
        "C:\\Users\\prikambl\\.nuget\\packages\\microsoft.rest.clientruntime/2.3.20\\lib/net461/Microsoft.Rest.ClientRuntime.dll",
        "C:\\Users\\prikambl\\.nuget\\packages\\newtonsoft.json/11.0.2\\lib/net45/Newtonsoft.Json.dll",
        "C:\\Users\\prikambl\\.nuget\\packages\\uipath.system.activities/19.10.1\\lib/net461/ActiproSoftware.Docking.Wpf.dll",
        "C:\\Users\\prikambl\\.nuget\\packages\\uipath.system.activities/19.10.1\\lib/net461/ActiproSoftware.Ribbon.Wpf.dll",
        "C:\\Users\\prikambl\\.nuget\\packages\\uipath.system.activities/19.10.1\\lib/net461/ActiproSoftware.Shared.Wpf.dll",
        "C:\\Users\\prikambl\\.nuget\\packages\\uipath.system.activities/19.10.1\\lib/net461/ActiproSoftware.SyntaxEditor.Addons.DotNet.Wpf.dll",
        "C:\\Users\\prikambl\\.nuget\\packages\\uipath.system.activities/19.10.1\\lib/net461/ActiproSoftware.SyntaxEditor.Wpf.dll",
        "C:\\Users\\prikambl\\.nuget\\packages\\uipath.system.activities/19.10.1\\lib/net461/ActiproSoftware.Text.Addons.DotNet.Wpf.dll",
        "C:\\Users\\prikambl\\.nuget\\packages\\uipath.system.activities/19.10.1\\lib/net461/ActiproSoftware.Text.LLParser.Wpf.dll",
        "C:\\Users\\prikambl\\.nuget\\packages\\uipath.system.activities/19.10.1\\lib/net461/ActiproSoftware.Text.Wpf.dll",
        "C:\\Users\\prikambl\\.nuget\\packages\\uipath.system.activities/19.10.1\\lib/net461/ActiproSoftware.Wizard.Wpf.dll",
        "C:\\Users\\prikambl\\.nuget\\packages\\uipath.system.activities/19.10.1\\lib/net461/UiPath.OrchestratorClient.dll",
        "C:\\Users\\prikambl\\.nuget\\packages\\uipath.system.activities/19.10.1\\lib/net461/UiPath.System.Activities.Design.dll",
        "C:\\Users\\prikambl\\.nuget\\packages\\uipath.system.activities/19.10.1\\lib/net461/UiPath.System.Activities.dll"
      ]
    },
    {
      "Package": {
        "Id": "UiPath.UIAutomation.Activities",
        "Version": "19.11.1"
      },
      "Assemblies": [
        "C:\\Users\\prikambl\\.nuget\\packages\\avalonedit/5.0.3\\lib/Net40/ICSharpCode.AvalonEdit.dll",
        "C:\\Users\\prikambl\\.nuget\\packages\\extended.wpf.toolkit/2.8.0\\lib/net40/Xceed.Wpf.AvalonDock.Themes.Aero.dll",
        "C:\\Users\\prikambl\\.nuget\\packages\\extended.wpf.toolkit/2.8.0\\lib/net40/Xceed.Wpf.AvalonDock.Themes.Metro.dll",
        "C:\\Users\\prikambl\\.nuget\\packages\\extended.wpf.toolkit/2.8.0\\lib/net40/Xceed.Wpf.AvalonDock.Themes.VS2010.dll",
        "C:\\Users\\prikambl\\.nuget\\packages\\extended.wpf.toolkit/2.8.0\\lib/net40/Xceed.Wpf.AvalonDock.dll",
        "C:\\Users\\prikambl\\.nuget\\packages\\extended.wpf.toolkit/2.8.0\\lib/net40/Xceed.Wpf.DataGrid.dll",
        "C:\\Users\\prikambl\\.nuget\\packages\\extended.wpf.toolkit/2.8.0\\lib/net40/Xceed.Wpf.Toolkit.dll",
        "C:\\Users\\prikambl\\.nuget\\packages\\humanizer.core/2.4.2\\lib/netstandard2.0/Humanizer.dll",
        "C:\\Users\\prikambl\\.nuget\\packages\\newtonsoft.json/11.0.2\\lib/net45/Newtonsoft.Json.dll",
        "C:\\Users\\prikambl\\.nuget\\packages\\uipath/19.10.7312.25504\\lib/UiPath.Interop.dll",
        "C:\\Users\\prikambl\\.nuget\\packages\\uipath.ocr.contracts/2.2.1\\lib/net45/UiPath.OCR.Contracts.dll",
        "C:\\Users\\prikambl\\.nuget\\packages\\uipath.uiautomation.activities/19.11.1\\lib/net461/ActiproSoftware.DataGrid.Contrib.Wpf.dll",
        "C:\\Users\\prikambl\\.nuget\\packages\\uipath.uiautomation.activities/19.11.1\\lib/net461/ActiproSoftware.Docking.Wpf.dll",
        "C:\\Users\\prikambl\\.nuget\\packages\\uipath.uiautomation.activities/19.11.1\\lib/net461/ActiproSoftware.Editors.Wpf.dll",
        "C:\\Users\\prikambl\\.nuget\\packages\\uipath.uiautomation.activities/19.11.1\\lib/net461/ActiproSoftware.Ribbon.Wpf.dll",
        "C:\\Users\\prikambl\\.nuget\\packages\\uipath.uiautomation.activities/19.11.1\\lib/net461/ActiproSoftware.Shared.Wpf.dll",
        "C:\\Users\\prikambl\\.nuget\\packages\\uipath.uiautomation.activities/19.11.1\\lib/net461/ActiproSoftware.SyntaxEditor.Addons.DotNet.Wpf.dll",
        "C:\\Users\\prikambl\\.nuget\\packages\\uipath.uiautomation.activities/19.11.1\\lib/net461/ActiproSoftware.SyntaxEditor.Wpf.dll",
        "C:\\Users\\prikambl\\.nuget\\packages\\uipath.uiautomation.activities/19.11.1\\lib/net461/ActiproSoftware.Text.Addons.DotNet.Wpf.dll",
        "C:\\Users\\prikambl\\.nuget\\packages\\uipath.uiautomation.activities/19.11.1\\lib/net461/ActiproSoftware.Text.LLParser.Wpf.dll",
        "C:\\Users\\prikambl\\.nuget\\packages\\uipath.uiautomation.activities/19.11.1\\lib/net461/ActiproSoftware.Text.Wpf.dll",
        "C:\\Users\\prikambl\\.nuget\\packages\\uipath.uiautomation.activities/19.11.1\\lib/net461/ActiproSoftware.Wizard.Wpf.dll",
        "C:\\Users\\prikambl\\.nuget\\packages\\uipath.uiautomation.activities/19.11.1\\lib/net461/UiPath.CV.Activities.Design.dll",
        "C:\\Users\\prikambl\\.nuget\\packages\\uipath.uiautomation.activities/19.11.1\\lib/net461/UiPath.CV.Activities.dll",
        "C:\\Users\\prikambl\\.nuget\\packages\\uipath.uiautomation.activities/19.11.1\\lib/net461/UiPath.CV.dll",
        "C:\\Users\\prikambl\\.nuget\\packages\\uipath.uiautomation.activities/19.11.1\\lib/net461/UiPath.UIAutomation.Activities.Design.dll",
        "C:\\Users\\prikambl\\.nuget\\packages\\uipath.uiautomation.activities/19.11.1\\lib/net461/UiPath.UiAutomation.Activities.dll",
        "C:\\Users\\prikambl\\.nuget\\packages\\uipath.uiautomation.activities/19.11.1\\lib/net461/UiPath.Wizards.dll",
        "C:\\Users\\prikambl\\.nuget\\packages\\uipath.vision/2.0.0\\lib/net452/UiPath.Vision.AzureComputerVision.dll",
        "C:\\Users\\prikambl\\.nuget\\packages\\uipath.vision/2.0.0\\lib/net452/UiPath.Vision.Core.dll",
        "C:\\Users\\prikambl\\.nuget\\packages\\uipath.vision/2.0.0\\lib/net452/UiPath.Vision.GoogleCloud.dll",
        "C:\\Users\\prikambl\\.nuget\\packages\\uipath.vision/2.0.0\\lib/net452/UiPath.Vision.Microsoft.dll",
        "C:\\Users\\prikambl\\.nuget\\packages\\uipath.vision/2.0.0\\lib/net452/UiPath.Vision.MicrosoftCloud.dll",
        "C:\\Users\\prikambl\\.nuget\\packages\\uipath.vision/2.0.0\\lib/net452/UiPath.Vision.Tesseract.dll",
        "C:\\Users\\prikambl\\.nuget\\packages\\uipath.vision/2.0.0\\lib/net452/UiPath.Vision.dll"
      ]
    },
    {
      "Package": {
        "Id": "UiPath.WebAPI.Activities",
        "Version": "1.4.4"
      },
      "Assemblies": [
        "C:\\Users\\prikambl\\.nuget\\packages\\avalonedit/5.0.3\\lib/Net40/ICSharpCode.AvalonEdit.dll",
        "C:\\Users\\prikambl\\.nuget\\packages\\newtonsoft.json/11.0.2\\lib/net45/Newtonsoft.Json.dll",
        "C:\\Users\\prikambl\\.nuget\\packages\\restsharp/106.3.1\\lib/net452/RestSharp.dll",
        "C:\\Users\\prikambl\\.nuget\\packages\\uipath.webapi.activities/1.4.4\\lib/net452/UiPath.Web.Activities.Design.dll",
        "C:\\Users\\prikambl\\.nuget\\packages\\uipath.webapi.activities/1.4.4\\lib/net452/UiPath.Web.Activities.dll",
        "C:\\Users\\prikambl\\.nuget\\packages\\uipath.webapi.activities/1.4.4\\lib/net452/UiPath.Web.dll"
      ]
    }
  ],
  "Conflicts": [],
  "ResolvedDependencies": {
    "AvalonEdit": {
      "Id": "AvalonEdit",
      "Version": "5.0.3",
      "Dependencies": []
    },
    "BitMiracle.Docotic.Pdf": {
      "Id": "BitMiracle.Docotic.Pdf",
      "Version": "5.10.9957",
      "Dependencies": []
    },
    "ClosedXML": {
      "Id": "ClosedXML",
      "Version": "0.87.1",
      "Dependencies": [
        {
          "Item1": "DocumentFormat.OpenXml",
          "Item2": "[2.5.0, )"
        }
      ]
    },
    "CredentialManagement": {
      "Id": "CredentialManagement",
      "Version": "1.0.2",
      "Dependencies": []
    },
    "CsvHelper": {
      "Id": "CsvHelper",
      "Version": "2.13.5",
      "Dependencies": []
    },
    "DocumentFormat.OpenXml": {
      "Id": "DocumentFormat.OpenXml",
      "Version": "2.5.0",
      "Dependencies": []
    },
    "Extended.Wpf.Toolkit": {
      "Id": "Extended.Wpf.Toolkit",
      "Version": "2.8.0",
      "Dependencies": []
    },
    "GE.Excel.Activities.1.1.25": {
      "Id": "GE.Excel.Activities.1.1.25",
      "Version": "1.1.25",
      "Dependencies": []
    },
    "Humanizer.Core": {
      "Id": "Humanizer.Core",
      "Version": "2.4.2",
      "Dependencies": []
    },
    "Microsoft.Activities": {
      "Id": "Microsoft.Activities",
      "Version": "1.0.1",
      "Dependencies": []
    },
    "Microsoft.AspNet.SignalR.Client": {
      "Id": "Microsoft.AspNet.SignalR.Client",
      "Version": "2.4.0",
      "Dependencies": [
        {
          "Item1": "Newtonsoft.Json",
          "Item2": "[6.0.4, )"
        }
      ]
    },
    "Microsoft.Rest.ClientRuntime": {
      "Id": "Microsoft.Rest.ClientRuntime",
      "Version": "2.3.20",
      "Dependencies": [
        {
          "Item1": "Newtonsoft.Json",
          "Item2": "[10.0.3, )"
        }
      ]
    },
    "Microsoft.VisualStudio.OLE.Interop": {
      "Id": "Microsoft.VisualStudio.OLE.Interop",
      "Version": "7.10.6071",
      "Dependencies": []
    },
    "Newtonsoft.Json": {
      "Id": "Newtonsoft.Json",
      "Version": "11.0.2",
      "Dependencies": []
    },
    "NPOI": {
      "Id": "NPOI",
      "Version": "2.4.1",
      "Dependencies": [
        {
          "Item1": "SharpZipLib",
          "Item2": "[1.0.0, )"
        }
      ]
    },
    "RestSharp": {
      "Id": "RestSharp",
      "Version": "106.3.1",
      "Dependencies": []
    },
    "SharpZipLib": {
      "Id": "SharpZipLib",
      "Version": "1.0.0",
      "Dependencies": []
    },
    "System.ValueTuple": {
      "Id": "System.ValueTuple",
      "Version": "4.5.0",
      "Dependencies": []
    },
    "UiPath": {
      "Id": "UiPath",
      "Version": "19.10.7312.25504",
      "Dependencies": []
    },
    "UiPath.Credentials.Activities": {
      "Id": "UiPath.Credentials.Activities",
      "Version": "1.1.6479.13204",
      "Dependencies": [
        {
          "Item1": "CredentialManagement",
          "Item2": "[1.0.2, )"
        }
      ]
    },
    "UiPath.Database.Activities": {
      "Id": "UiPath.Database.Activities",
      "Version": "1.2.6863.32528",
      "Dependencies": []
    },
    "UiPath.Excel.Activities": {
      "Id": "UiPath.Excel.Activities",
      "Version": "2.7.2",
      "Dependencies": [
        {
          "Item1": "ClosedXML",
          "Item2": "[0.87.1, )"
        },
        {
          "Item1": "CsvHelper",
          "Item2": "[2.13.5, )"
        },
        {
          "Item1": "DocumentFormat.OpenXml",
          "Item2": "[2.5.0, )"
        },
        {
          "Item1": "Microsoft.VisualStudio.OLE.Interop",
          "Item2": "[7.10.6071, )"
        },
        {
          "Item1": "NPOI",
          "Item2": "[2.4.1, )"
        },
        {
          "Item1": "SharpZipLib",
          "Item2": "[1.0.0, )"
        }
      ]
    },
    "UiPath.OCR.Contracts": {
      "Id": "UiPath.OCR.Contracts",
      "Version": "2.2.1",
      "Dependencies": []
    },
    "UiPath.PDF.Activities": {
      "Id": "UiPath.PDF.Activities",
      "Version": "3.1.0",
      "Dependencies": [
        {
          "Item1": "UiPath.OCR.Contracts",
          "Item2": "[1.0.0, )"
        },
        {
          "Item1": "System.ValueTuple",
          "Item2": "[4.5.0, )"
        },
        {
          "Item1": "BitMiracle.Docotic.Pdf",
          "Item2": "[5.10.9957, )"
        }
      ]
    },
    "UiPath.System.Activities": {
      "Id": "UiPath.System.Activities",
      "Version": "19.10.1",
      "Dependencies": [
        {
          "Item1": "CsvHelper",
          "Item2": "[2.13.5, )"
        },
        {
          "Item1": "Microsoft.AspNet.SignalR.Client",
          "Item2": "[2.4.0, )"
        },
        {
          "Item1": "Microsoft.Rest.ClientRuntime",
          "Item2": "[2.3.20, )"
        },
        {
          "Item1": "Newtonsoft.Json",
          "Item2": "[11.0.2, )"
        }
      ]
    },
    "UiPath.UIAutomation.Activities": {
      "Id": "UiPath.UIAutomation.Activities",
      "Version": "19.11.1",
      "Dependencies": [
        {
          "Item1": "UiPath",
          "Item2": "[19.10.7312.25504, )"
        },
        {
          "Item1": "UiPath.Vision",
          "Item2": "[2.0.0, )"
        },
        {
          "Item1": "UiPath.OCR.Contracts",
          "Item2": "[2.2.1, )"
        },
        {
          "Item1": "AvalonEdit",
          "Item2": "[5.0.3, )"
        },
        {
          "Item1": "Extended.Wpf.Toolkit",
          "Item2": "[2.8.0, )"
        },
        {
          "Item1": "Humanizer.Core",
          "Item2": "[2.4.2, )"
        },
        {
          "Item1": "Newtonsoft.Json",
          "Item2": "[11.0.2, )"
        }
      ]
    },
    "UiPath.Vision": {
      "Id": "UiPath.Vision",
      "Version": "2.0.0",
      "Dependencies": [
        {
          "Item1": "UiPath.OCR.Contracts",
          "Item2": "[2.2.1, )"
        }
      ]
    },
    "UiPath.WebAPI.Activities": {
      "Id": "UiPath.WebAPI.Activities",
      "Version": "1.4.4",
      "Dependencies": [
        {
          "Item1": "AvalonEdit",
          "Item2": "[5.0.3, )"
        },
        {
          "Item1": "Newtonsoft.Json",
          "Item2": "[11.0.2, )"
        },
        {
          "Item1": "RestSharp",
          "Item2": "[106.3.1, )"
        }
      ]
    }
  }
}